{
  "_generated": "Generated by SweetTooth, do not edit", 
  "description": "Clipboard Manager extension for Gnome-Shell - Adds a clipboard indicator to the top panel, and caches clipboard history.", 
  "name": "Clipboard Indicator", 
  "shell-version": [
    "3.10", 
    "3.12", 
    "3.14", 
    "3.16", 
    "3.18", 
    "3.20", 
    "3.22", 
    "3.24", 
    "3.26"
  ], 
  "url": "https://github.com/Tudmotu/gnome-shell-extension-clipboard-indicator", 
  "uuid": "clipboard-indicator@tudmotu.com", 
  "version": 30
}