{
  "_generated": "Generated by SweetTooth, do not edit", 
  "description": "Numlock & Capslock status on the panel", 
  "name": "Lock Keys", 
  "original-authors": "Kazimieras Vaina, Pierre Ossman, erguille, jonnius, Philipp Wolfer, Mariusz Lisowski, Cristian Beroiza, warmsun0220, Rasmus Kaj, Pablo Martin-Gomez Bouska, Rapha\u00ebl Rochet, Luiz Nickel, Jesse", 
  "shell-version": [
    "3.4", 
    "3.6", 
    "3.8", 
    "3.10", 
    "3.12", 
    "3.14", 
    "3.16", 
    "3.18", 
    "3.20", 
    "3.22", 
    "3.24", 
    "3.26", 
    "3.28", 
    "3.30", 
    "3.32"
  ], 
  "url": "https://github.com/kazysmaster/gnome-shell-extension-lockkeys", 
  "uuid": "lockkeys@vaina.lt", 
  "version": 28
}